{"student_ids": [1, 2, 3], "embeddings": {"1": [-0.8592627048492432, -0.0009498816798441112, 1.329954637342865e-17, 0.0, 0.0, 0.0, 0.0, 0.0, 0.0, 0.0, 0.0, 0.0, 0.0, 0.0, 0.0, 0.0], "2": [0.45196759700775146, -0.026931123808026314, 1.329954637342865e-17, 0.0, 0.0, 0.0, 0.0, 0.0, 0.0, 0.0, 0.0, 0.0, 0.0, 0.0, 0.0, 0.0], "3": [0.4072951078414917, 0.02788100577890873, 1.329954637342865e-17, 0.0, 0.0, 0.0, 0.0, 0.0, 0.0, 0.0, 0.0, 0.0, 0.0, 0.0, 0.0, 0.0]}, "cluster_labels": [1, 0, 0], "kmeans_inertia": 0.002500000409781933, "coords_pca": {"1": [-0.8592626452445984, -0.0009498828439973295], "2": [0.45196762681007385, -0.026931123808026314], "3": [0.4072950482368469, 0.02788100577890873]}, "coords_tsne": null, "features": {"1": {"total_interactions": 1.0, "unique_topics": 1.0, "mean_score": 0.2, "success_rate": 0.0, "score_std": 0.0, "avg_time_spent": 0.0, "avg_difficulty_presented": 0.6, "avg_topic_difficulty": 0.6, "sessions": 1.0, "review_count": 0.0, "total_reviews": 1.0, "num_topics_revisited": 0.0, "review_ratio": 0.0, "revision_frequency": 0.0, "attempts_per_topic": 1.0, "topic_completion": 1.0, "difficulty_gap": 0.0, "engagement_score": 0.9999990000010001, "avg_interaction_interval": 0.0, "days_active": 0.0, "retention_score": 1.0, "category_Mathematics": 0.2}, "2": {"total_interactions": 1.0, "unique_topics": 1.0, "mean_score": 0.8, "success_rate": 1.0, "score_std": 0.0, "avg_time_spent": 0.0, "avg_difficulty_presented": 0.6, "avg_topic_difficulty": 0.6, "sessions": 1.0, "review_count": 0.0, "total_reviews": 1.0, "num_topics_revisited": 0.0, "review_ratio": 0.0, "revision_frequency": 0.0, "attempts_per_topic": 1.0, "topic_completion": 1.0, "difficulty_gap": 0.0, "engagement_score": 0.9999990000010001, "avg_interaction_interval": 0.0, "days_active": 0.0, "retention_score": 1.0, "category_Mathematics": 0.8}, "3": {"total_interactions": 1.0, "unique_topics": 1.0, "mean_score": 0.75, "success_rate": 1.0, "score_std": 0.0, "avg_time_spent": 0.0, "avg_difficulty_presented": 0.6, "avg_topic_difficulty": 0.6, "sessions": 1.0, "review_count": 0.0, "total_reviews": 1.0, "num_topics_revisited": 0.0, "review_ratio": 0.0, "revision_frequency": 0.0, "attempts_per_topic": 1.0, "topic_completion": 1.0, "difficulty_gap": 0.0, "engagement_score": 0.9999990000010001, "avg_interaction_interval": 0.0, "days_active": 0.0, "retention_score": 1.0, "category_Mathematics": 0.75}}, "experiment_metrics": {"16": {"dimension": 16, "cluster_count": 2, "silhouette_score": 0.6300897002220154, "cluster_purity": 1.0, "neighbor_similarity_score": 0.6025715803278179}, "32": {"dimension": 32, "cluster_count": 2, "silhouette_score": 0.6300897002220154, "cluster_purity": 1.0, "neighbor_similarity_score": 0.6025715803278179}, "64": {"dimension": 64, "cluster_count": 2, "silhouette_score": 0.6300897002220154, "cluster_purity": 1.0, "neighbor_similarity_score": 0.6025715803278179}}, "cluster_metrics": {"silhouette_score": 0.6300897002220154, "cluster_purity": 1.0, "neighbor_similarity_score": 0.6025715803278179, "cluster_count": 2}}