{
  "collaborative_filtering": {
    "precision@5": 0.7857142857142857,
    "recall@5": 0.5491048067578679,
    "ndcg@5": 0.987550796258691,
    "precision@10": 0.7448979591836735,
    "recall@10": 0.802291246168797,
    "ndcg@10": 0.987550796258691,
    "precision@20": 0.5102040816326532,
    "recall@20": 1.0,
    "ndcg@20": 0.987550796258691
  },
  "content_based": {
    "precision@5": 0.7795918367346939,
    "recall@5": 0.5354993645809971,
    "ndcg@5": 0.9866262738980572,
    "precision@10": 0.7438775510204081,
    "recall@10": 0.7988898856245793,
    "ndcg@10": 0.9907973432365977,
    "precision@20": 0.5102040816326532,
    "recall@20": 1.0,
    "ndcg@20": 0.9921330778301508
  },
  "hybrid": {
    "precision@5": 0.7857142857142857,
    "recall@5": 0.5491048067578679,
    "ndcg@5": 0.987550796258691,
    "precision@10": 0.7448979591836735,
    "recall@10": 0.802291246168797,
    "ndcg@10": 0.987550796258691,
    "precision@20": 0.5102040816326532,
    "recall@20": 1.0,
    "ndcg@20": 0.987550796258691
  }
}