{
  "episodes": 100,
  "avg_final_reward": 724.7600000000077,
  "max_reward": 784.6000000000113,
  "min_reward": 567.8000000000022,
  "episode_rewards": [
    599.7999999999918,
    739.4000000000088,
    780.2000000000141,
    743.0000000000124,
    585.4000000000023,
    754.6000000000048,
    755.4000000000132,
    733.8000000000133,
    699.0000000000093,
    700.4000000000124,
    757.8000000000129,
    590.999999999991,
    736.8000000000105,
    704.0000000000085,
    758.2000000000046,
    719.600000000006,
    766.400000000014,
    757.6000000000074,
    716.2000000000071,
    744.8000000000117,
    748.8000000000052,
    737.2000000000062,
    681.0000000000132,
    567.8000000000022,
    767.6000000000129,
    781.0000000000113,
    617.0000000000016,
    728.2000000000082,
    749.8000000000114,
    744.6000000000078,
    731.4000000000098,
    752.2000000000118,
    720.2000000000068,
    784.6000000000113,
    702.000000000006,
    746.6000000000136,
    767.8000000000104,
    749.6000000000109,
    732.4000000000117,
    720.4000000000073,
    582.1999999999991,
    608.8000000000092,
    689.0000000000034,
    721.800000000013,
    756.4000000000058,
    754.8000000000114,
    702.2000000000083,
    636.9999999999935,
    649.6000000000068,
    724.4000000000117,
    778.8000000000087,
    731.8000000000114,
    773.8000000000113,
    747.4000000000028,
    713.2000000000102,
    708.8000000000093,
    714.6000000000112,
    717.600000000011,
    703.8000000000094,
    751.8000000000122,
    673.800000000009,
    711.0000000000114,
    733.0000000000119,
    663.0000000000048,
    723.6000000000093,
    768.0000000000065,
    715.0000000000013,
    741.8000000000068,
    658.6000000000083,
    726.6000000000073,
    740.4000000000127,
    761.4000000000128,
    689.8000000000117,
    731.000000000006,
    630.0000000000034,
    766.4000000000126,
    781.4000000000124,
    736.8000000000138,
    758.4000000000115,
    735.0000000000092,
    730.8000000000092,
    672.4000000000099,
    767.0000000000135,
    725.4000000000068,
    714.8000000000083,
    715.0000000000128,
    708.8000000000097,
    744.800000000009,
    711.4000000000103,
    758.80000000001,
    749.8000000000093,
    653.2000000000031,
    784.2000000000136,
    765.8000000000086,
    665.2000000000123,
    751.8000000000034,
    697.800000000003,
    725.2000000000057,
    675.400000000009,
    779.2000000000096
  ]
}